"","Order","Family","Tissue_Type","Country","n","Mean","CV","Year_Range","Range"
"1","Accipitriformes","Accipitridae (Hawks, Eagles, and Kites)","Body_Hg_ppm","Peru",71,"2.407 ± 2.106",87.489,"2009—2019","0.38—8.057"
"2","Anseriformes","Anatidae (Ducks, Geese, and Waterfowl)","Blood_Hg_ppm","Dominican Republic",1,"0.081",NA,"2017","NA"
"3","Caprimulgiformes","Apodidae (Swifts)","Body_Hg_ppm","Dominican Republic",5,"0.801 ± 0.609",76.107,"2018","0.359—1.653"
"4","Caprimulgiformes","Apodidae (Swifts)","Tail_Hg_ppm","Dominican Republic",5,"0.717 ± 0.495",69.047,"2018","0.295—1.337"
"5","Caprimulgiformes","Caprimulgidae (Nightjars and Allies)","Blood_Hg_ppm","Belize",4,"0.186 ± 0.168",90.432,"2021—2023","0.036—0.428"
"6","Caprimulgiformes","Caprimulgidae (Nightjars and Allies)","Blood_Hg_ppm","Colombia",4,"0.186 ± 0.168",90.432,"2021—2023","0.036—0.428"
"7","Caprimulgiformes","Caprimulgidae (Nightjars and Allies)","Body_Hg_ppm","Belize",7,"1.76 ± 1.15",65.369,"2019—2023","0.452—3.353"
"8","Caprimulgiformes","Caprimulgidae (Nightjars and Allies)","Body_Hg_ppm","Colombia",7,"1.76 ± 1.15",65.369,"2019—2023","0.452—3.353"
"9","Caprimulgiformes","Caprimulgidae (Nightjars and Allies)","Body_Hg_ppm","Peru",7,"1.76 ± 1.15",65.369,"2019—2023","0.452—3.353"
"10","Caprimulgiformes","Caprimulgidae (Nightjars and Allies)","Tail_Hg_ppm","Belize",2,"0.475 ± 0.381",80.149,"2019—2021","0.206—0.744"
"11","Caprimulgiformes","Caprimulgidae (Nightjars and Allies)","Tail_Hg_ppm","Peru",2,"0.475 ± 0.381",80.149,"2019—2021","0.206—0.744"
"12","Caprimulgiformes","Trochilidae (Hummingbirds)","Body_Hg_ppm","Peru",11,"1.714 ± 1.004",58.562,"2019","0.072—3.49"
"13","Caprimulgiformes","Trochilidae (Hummingbirds)","Tail_Hg_ppm","Peru",19,"0.959 ± 0.508",53.019,"2018—2019","0.314—2.276"
"14","Charadriiformes","Jacanidae (Jacanas)","Blood_Hg_ppm","Colombia",6,"0.427 ± 0.514",120.406,"2012—2023","0.017—1.414"
"15","Charadriiformes","Jacanidae (Jacanas)","Blood_Hg_ppm","Mexico",6,"0.427 ± 0.514",120.406,"2012—2023","0.017—1.414"
"16","Charadriiformes","Jacanidae (Jacanas)","Blood_Hg_ppm","Nicaragua",6,"0.427 ± 0.514",120.406,"2012—2023","0.017—1.414"
"17","Charadriiformes","Jacanidae (Jacanas)","Body_Hg_ppm","Colombia",3,"18.271 ± 2.321",12.705,"2019—2023","15.706—20.227"
"18","Charadriiformes","Jacanidae (Jacanas)","Body_Hg_ppm","Peru",3,"18.271 ± 2.321",12.705,"2019—2023","15.706—20.227"
"19","Charadriiformes","Jacanidae (Jacanas)","Tail_Hg_ppm","Nicaragua",16,"0.919 ± 0.673",73.246,"2012—2014","0.102—2.407"
"20","Charadriiformes","Laridae (Gulls, Terns, and Skimmers)","Blood_Hg_ppm","Dominican Republic",1,"0.26",NA,"2017","NA"
"21","Charadriiformes","Scolopacidae (Sandpipers and Allies)","Blood_Hg_ppm","Belize",9,"0.309 ± 0.29",93.754,"2014—2021","0.018—0.741"
"22","Charadriiformes","Scolopacidae (Sandpipers and Allies)","Blood_Hg_ppm","Dominican Republic",9,"0.309 ± 0.29",93.754,"2014—2021","0.018—0.741"
"23","Charadriiformes","Scolopacidae (Sandpipers and Allies)","Blood_Hg_ppm","Nicaragua",9,"0.309 ± 0.29",93.754,"2014—2021","0.018—0.741"
"24","Columbiformes","Columbidae (Pigeons and Doves)","Blood_Hg_ppm","Belize",16,"0.002 ± 0.002",93.163,"2009—2023","0.001—0.008"
"25","Columbiformes","Columbidae (Pigeons and Doves)","Blood_Hg_ppm","Colombia",16,"0.002 ± 0.002",93.163,"2009—2023","0.001—0.008"
"26","Columbiformes","Columbidae (Pigeons and Doves)","Blood_Hg_ppm","Dominican Republic",16,"0.002 ± 0.002",93.163,"2009—2023","0.001—0.008"
"27","Columbiformes","Columbidae (Pigeons and Doves)","Blood_Hg_ppm","Mexico",16,"0.002 ± 0.002",93.163,"2009—2023","0.001—0.008"
"28","Columbiformes","Columbidae (Pigeons and Doves)","Blood_Hg_ppm","Puerto Rico",16,"0.002 ± 0.002",93.163,"2009—2023","0.001—0.008"
"29","Columbiformes","Columbidae (Pigeons and Doves)","Body_Hg_ppm","Belize",23,"0.132 ± 0.162",122.78,"2019—2023","0.004—0.753"
"30","Columbiformes","Columbidae (Pigeons and Doves)","Body_Hg_ppm","Colombia",23,"0.132 ± 0.162",122.78,"2019—2023","0.004—0.753"
"31","Columbiformes","Columbidae (Pigeons and Doves)","Body_Hg_ppm","Peru",23,"0.132 ± 0.162",122.78,"2019—2023","0.004—0.753"
"32","Columbiformes","Columbidae (Pigeons and Doves)","Tail_Hg_ppm","Belize",16,"0.073 ± 0.091",124.997,"2010—2021","0.001—0.334"
"33","Columbiformes","Columbidae (Pigeons and Doves)","Tail_Hg_ppm","Costa Rica",16,"0.073 ± 0.091",124.997,"2010—2021","0.001—0.334"
"34","Columbiformes","Columbidae (Pigeons and Doves)","Tail_Hg_ppm","Mexico",16,"0.073 ± 0.091",124.997,"2010—2021","0.001—0.334"
"35","Columbiformes","Columbidae (Pigeons and Doves)","Tail_Hg_ppm","Nicaragua",16,"0.073 ± 0.091",124.997,"2010—2021","0.001—0.334"
"36","Columbiformes","Columbidae (Pigeons and Doves)","Tail_Hg_ppm","Peru",16,"0.073 ± 0.091",124.997,"2010—2021","0.001—0.334"
"37","Coraciiformes","Alcedinidae (Kingfishers)","Blood_Hg_ppm","Belize",38,"0.542 ± 0.597",110.123,"2007—2023","0.02—3.112"
"38","Coraciiformes","Alcedinidae (Kingfishers)","Blood_Hg_ppm","Colombia",38,"0.542 ± 0.597",110.123,"2007—2023","0.02—3.112"
"39","Coraciiformes","Alcedinidae (Kingfishers)","Blood_Hg_ppm","Costa Rica",38,"0.542 ± 0.597",110.123,"2007—2023","0.02—3.112"
"40","Coraciiformes","Alcedinidae (Kingfishers)","Blood_Hg_ppm","Nicaragua",38,"0.542 ± 0.597",110.123,"2007—2023","0.02—3.112"
"41","Coraciiformes","Alcedinidae (Kingfishers)","Body_Hg_ppm","Belize",22,"23.958 ± 20.083",83.829,"2019—2023","1.718—72.795"
"42","Coraciiformes","Alcedinidae (Kingfishers)","Body_Hg_ppm","Colombia",22,"23.958 ± 20.083",83.829,"2019—2023","1.718—72.795"
"43","Coraciiformes","Alcedinidae (Kingfishers)","Body_Hg_ppm","Peru",22,"23.958 ± 20.083",83.829,"2019—2023","1.718—72.795"
"44","Coraciiformes","Alcedinidae (Kingfishers)","Tail_Hg_ppm","Belize",36,"6.128 ± 6.478",105.704,"2007—2021","1.299—25.841"
"45","Coraciiformes","Alcedinidae (Kingfishers)","Tail_Hg_ppm","Costa Rica",36,"6.128 ± 6.478",105.704,"2007—2021","1.299—25.841"
"46","Coraciiformes","Alcedinidae (Kingfishers)","Tail_Hg_ppm","Nicaragua",36,"6.128 ± 6.478",105.704,"2007—2021","1.299—25.841"
"47","Coraciiformes","Alcedinidae (Kingfishers)","Tail_Hg_ppm","Panama",36,"6.128 ± 6.478",105.704,"2007—2021","1.299—25.841"
"48","Coraciiformes","Momotidae (Motmots)","Blood_Hg_ppm","Belize",1,"0.036",NA,"2021","NA"
"49","Coraciiformes","Momotidae (Motmots)","Body_Hg_ppm","Belize",8,"1.504 ± 1.12",74.521,"2019—2021","0.227—3.656"
"50","Coraciiformes","Momotidae (Motmots)","Body_Hg_ppm","Peru",8,"1.504 ± 1.12",74.521,"2019—2021","0.227—3.656"
"51","Coraciiformes","Momotidae (Motmots)","Tail_Hg_ppm","Belize",5,"1.856 ± 3.221",173.509,"2010—2021","0.147—7.585"
"52","Coraciiformes","Momotidae (Motmots)","Tail_Hg_ppm","Costa Rica",5,"1.856 ± 3.221",173.509,"2010—2021","0.147—7.585"
"53","Coraciiformes","Momotidae (Motmots)","Tail_Hg_ppm","Peru",5,"1.856 ± 3.221",173.509,"2010—2021","0.147—7.585"
"54","Coraciiformes","Todidae (Todies)","Blood_Hg_ppm","Dominican Republic",1,"0.097",NA,"2017","NA"
"55","Cuculiformes","Cuculidae (Cuckoos)","Blood_Hg_ppm","Dominican Republic",6,"0.139 ± 0.102",73.4,"2012—2017","0.007—0.269"
"56","Cuculiformes","Cuculidae (Cuckoos)","Blood_Hg_ppm","Nicaragua",6,"0.139 ± 0.102",73.4,"2012—2017","0.007—0.269"
"57","Cuculiformes","Cuculidae (Cuckoos)","Body_Hg_ppm","Belize",10,"0.913 ± 0.315",34.535,"2019—2021","0.445—1.603"
"58","Cuculiformes","Cuculidae (Cuckoos)","Body_Hg_ppm","Peru",10,"0.913 ± 0.315",34.535,"2019—2021","0.445—1.603"
"59","Falconiformes","Falconidae (Falcons and Caracaras)","Body_Hg_ppm","Peru",36,"5.153 ± 4.333",84.1,"2009—2019","0.374—19.887"
"60","Galbuliformes","Bucconidae (Puffbirds)","Body_Hg_ppm","Peru",3,"0.353 ± 0.316",89.534,"2019","0.154—0.717"
"61","Galbuliformes","Bucconidae (Puffbirds)","Tail_Hg_ppm","Costa Rica",3,"0.512 ± 0.503",98.268,"2010—2018","0.15—1.086"
"62","Galbuliformes","Bucconidae (Puffbirds)","Tail_Hg_ppm","Peru",3,"0.512 ± 0.503",98.268,"2010—2018","0.15—1.086"
"63","Galbuliformes","Galbulidae (Jacamars)","Blood_Hg_ppm","Belize",1,"0.063",NA,"2021","NA"
"64","Galbuliformes","Galbulidae (Jacamars)","Body_Hg_ppm","Belize",8,"3.568 ± 2.206",61.837,"2019—2021","0.933—5.776"
"65","Galbuliformes","Galbulidae (Jacamars)","Body_Hg_ppm","Peru",8,"3.568 ± 2.206",61.837,"2019—2021","0.933—5.776"
"66","Galbuliformes","Galbulidae (Jacamars)","Tail_Hg_ppm","Belize",2,"1.49 ± 1.056",70.845,"2018—2021","0.744—2.237"
"67","Galbuliformes","Galbulidae (Jacamars)","Tail_Hg_ppm","Peru",2,"1.49 ± 1.056",70.845,"2018—2021","0.744—2.237"
"68","Passeriformes","Cardinalidae (Cardinals and Allies)","Blood_Hg_ppm","Belize",16,"0.053 ± 0.083",156.388,"2008—2021","0.001—0.337"
"69","Passeriformes","Cardinalidae (Cardinals and Allies)","Blood_Hg_ppm","Dominican Republic",16,"0.053 ± 0.083",156.388,"2008—2021","0.001—0.337"
"70","Passeriformes","Cardinalidae (Cardinals and Allies)","Blood_Hg_ppm","Nicaragua",16,"0.053 ± 0.083",156.388,"2008—2021","0.001—0.337"
"71","Passeriformes","Cardinalidae (Cardinals and Allies)","Body_Hg_ppm","Belize",7,"0.66 ± 0.602",91.251,"2019—2021","0.198—1.602"
"72","Passeriformes","Cardinalidae (Cardinals and Allies)","Body_Hg_ppm","Peru",7,"0.66 ± 0.602",91.251,"2019—2021","0.198—1.602"
"73","Passeriformes","Cardinalidae (Cardinals and Allies)","Tail_Hg_ppm","Belize",14,"0.457 ± 0.371",81.22,"2007—2021","0.04—1.36"
"74","Passeriformes","Cardinalidae (Cardinals and Allies)","Tail_Hg_ppm","Nicaragua",14,"0.457 ± 0.371",81.22,"2007—2021","0.04—1.36"
"75","Passeriformes","Cardinalidae (Cardinals and Allies)","Tail_Hg_ppm","Peru",14,"0.457 ± 0.371",81.22,"2007—2021","0.04—1.36"
"76","Passeriformes","Conopophagidae (Gnateaters)","Body_Hg_ppm","Peru",1,"1.756",NA,"2019","NA"
"77","Passeriformes","Conopophagidae (Gnateaters)","Tail_Hg_ppm","Peru",3,"1.831 ± 1.12",61.183,"2018","0.968—3.097"
"78","Passeriformes","Corvidae (Crows, Jays, and Magpies)","Blood_Hg_ppm","Belize",2,"0.02 ± 0.011",55.379,"2009—2014","0.012—0.027"
"79","Passeriformes","Corvidae (Crows, Jays, and Magpies)","Blood_Hg_ppm","Nicaragua",2,"0.02 ± 0.011",55.379,"2009—2014","0.012—0.027"
"80","Passeriformes","Corvidae (Crows, Jays, and Magpies)","Body_Hg_ppm","Peru",1,"0.844",NA,"2019","NA"
"81","Passeriformes","Corvidae (Crows, Jays, and Magpies)","Tail_Hg_ppm","Nicaragua",1,"0.165",NA,"2014","NA"
"82","Passeriformes","Dulidae (Palmchat)","Blood_Hg_ppm","Dominican Republic",3,"0.001 ± 0",0,"2017","0.001—0.001"
"83","Passeriformes","Formicariidae (Antthrushes)","Body_Hg_ppm","Peru",7,"1.679 ± 1.376",81.941,"2019","0.558—4.078"
"84","Passeriformes","Formicariidae (Antthrushes)","Tail_Hg_ppm","Peru",1,"5.999",NA,"2018","NA"
"85","Passeriformes","Fringillidae (Finches, Euphonias, and Allies)","Blood_Hg_ppm","Belize",7,"0.003 ± 0.003",109.614,"2008—2021","0.001—0.008"
"86","Passeriformes","Fringillidae (Finches, Euphonias, and Allies)","Body_Hg_ppm","Belize",8,"0.174 ± 0.376",215.362,"2019—2021","0.01—1.101"
"87","Passeriformes","Fringillidae (Finches, Euphonias, and Allies)","Body_Hg_ppm","Peru",8,"0.174 ± 0.376",215.362,"2019—2021","0.01—1.101"
"88","Passeriformes","Fringillidae (Finches, Euphonias, and Allies)","Tail_Hg_ppm","Belize",12,"0.071 ± 0.052",72.311,"2010—2021","0.023—0.217"
"89","Passeriformes","Fringillidae (Finches, Euphonias, and Allies)","Tail_Hg_ppm","Costa Rica",12,"0.071 ± 0.052",72.311,"2010—2021","0.023—0.217"
"90","Passeriformes","Fringillidae (Finches, Euphonias, and Allies)","Tail_Hg_ppm","Nicaragua",12,"0.071 ± 0.052",72.311,"2010—2021","0.023—0.217"
"91","Passeriformes","Furnariidae (Ovenbirds and Woodcreepers)","Blood_Hg_ppm","Belize",87,"0.164 ± 0.175",106.442,"2007—2023","0.001—0.721"
"92","Passeriformes","Furnariidae (Ovenbirds and Woodcreepers)","Blood_Hg_ppm","Colombia",87,"0.164 ± 0.175",106.442,"2007—2023","0.001—0.721"
"93","Passeriformes","Furnariidae (Ovenbirds and Woodcreepers)","Blood_Hg_ppm","Costa Rica",87,"0.164 ± 0.175",106.442,"2007—2023","0.001—0.721"
"94","Passeriformes","Furnariidae (Ovenbirds and Woodcreepers)","Body_Hg_ppm","Belize",66,"3.591 ± 5.359",149.227,"2018—2023","0.229—28.494"
"95","Passeriformes","Furnariidae (Ovenbirds and Woodcreepers)","Body_Hg_ppm","Colombia",66,"3.591 ± 5.359",149.227,"2018—2023","0.229—28.494"
"96","Passeriformes","Furnariidae (Ovenbirds and Woodcreepers)","Body_Hg_ppm","Peru",66,"3.591 ± 5.359",149.227,"2018—2023","0.229—28.494"
"97","Passeriformes","Furnariidae (Ovenbirds and Woodcreepers)","Tail_Hg_ppm","Belize",63,"1.447 ± 0.997",68.906,"2007—2021","0.245—4.641"
"98","Passeriformes","Furnariidae (Ovenbirds and Woodcreepers)","Tail_Hg_ppm","Costa Rica",63,"1.447 ± 0.997",68.906,"2007—2021","0.245—4.641"
"99","Passeriformes","Furnariidae (Ovenbirds and Woodcreepers)","Tail_Hg_ppm","Nicaragua",63,"1.447 ± 0.997",68.906,"2007—2021","0.245—4.641"
"100","Passeriformes","Furnariidae (Ovenbirds and Woodcreepers)","Tail_Hg_ppm","Panama",63,"1.447 ± 0.997",68.906,"2007—2021","0.245—4.641"
"101","Passeriformes","Furnariidae (Ovenbirds and Woodcreepers)","Tail_Hg_ppm","Peru",63,"1.447 ± 0.997",68.906,"2007—2021","0.245—4.641"
"102","Passeriformes","Hirundinidae (Swallows)","Blood_Hg_ppm","Belize",7,"0.107 ± 0.136",127.521,"2008—2023","0.004—0.361"
"103","Passeriformes","Hirundinidae (Swallows)","Blood_Hg_ppm","Colombia",7,"0.107 ± 0.136",127.521,"2008—2023","0.004—0.361"
"104","Passeriformes","Hirundinidae (Swallows)","Blood_Hg_ppm","Nicaragua",7,"0.107 ± 0.136",127.521,"2008—2023","0.004—0.361"
"105","Passeriformes","Hirundinidae (Swallows)","Body_Hg_ppm","Colombia",4,"4.37 ± 1.726",39.488,"2019—2023","2.887—6.774"
"106","Passeriformes","Hirundinidae (Swallows)","Body_Hg_ppm","Peru",4,"4.37 ± 1.726",39.488,"2019—2023","2.887—6.774"
"107","Passeriformes","Icteridae (Troupials and Allies)","Blood_Hg_ppm","Belize",30,"0.054 ± 0.088",163.894,"2007—2021","0.007—0.421"
"108","Passeriformes","Icteridae (Troupials and Allies)","Blood_Hg_ppm","Mexico",30,"0.054 ± 0.088",163.894,"2007—2021","0.007—0.421"
"109","Passeriformes","Icteridae (Troupials and Allies)","Blood_Hg_ppm","Nicaragua",30,"0.054 ± 0.088",163.894,"2007—2021","0.007—0.421"
"110","Passeriformes","Icteridae (Troupials and Allies)","Body_Hg_ppm","Belize",3,"0.409 ± 0.224",54.719,"2021","0.166—0.606"
"111","Passeriformes","Icteridae (Troupials and Allies)","Tail_Hg_ppm","Belize",13,"0.464 ± 0.503",108.457,"2007—2021","0.1—1.654"
"112","Passeriformes","Icteridae (Troupials and Allies)","Tail_Hg_ppm","Nicaragua",13,"0.464 ± 0.503",108.457,"2007—2021","0.1—1.654"
"113","Passeriformes","Icteriidae (Yellow-breasted Chat)","Blood_Hg_ppm","Belize",4,"0.049 ± 0.053",109.078,"2007—2021","0.006—0.12"
"114","Passeriformes","Mimidae (Mockingbirds and Thrashers)","Blood_Hg_ppm","Belize",16,"0.029 ± 0.018",63.08,"2007—2017","0.003—0.053"
"115","Passeriformes","Mimidae (Mockingbirds and Thrashers)","Blood_Hg_ppm","Dominican Republic",16,"0.029 ± 0.018",63.08,"2007—2017","0.003—0.053"
"116","Passeriformes","Mimidae (Mockingbirds and Thrashers)","Blood_Hg_ppm","Puerto Rico",16,"0.029 ± 0.018",63.08,"2007—2017","0.003—0.053"
"117","Passeriformes","Mimidae (Mockingbirds and Thrashers)","Tail_Hg_ppm","Puerto Rico",1,"0.124",NA,"2010","NA"
"118","Passeriformes","Nesospingidae (Puerto Rican Tanager)","Blood_Hg_ppm","Puerto Rico",2,"0.004 ± 0.003",79.838,"2010","0.002—0.006"
"119","Passeriformes","Nesospingidae (Puerto Rican Tanager)","Tail_Hg_ppm","Puerto Rico",2,"0.11 ± 0.05",45.434,"2010","0.075—0.146"
"120","Passeriformes","Oxyruncidae (Sharpbill, Royal Flycatcher, and Allies)","Blood_Hg_ppm","Belize",5,"0.246 ± 0.287",116.651,"2008—2021","0.014—0.662"
"121","Passeriformes","Oxyruncidae (Sharpbill, Royal Flycatcher, and Allies)","Blood_Hg_ppm","Costa Rica",5,"0.246 ± 0.287",116.651,"2008—2021","0.014—0.662"
"122","Passeriformes","Oxyruncidae (Sharpbill, Royal Flycatcher, and Allies)","Body_Hg_ppm","Belize",1,"0.663",NA,"2021","NA"
"123","Passeriformes","Oxyruncidae (Sharpbill, Royal Flycatcher, and Allies)","Tail_Hg_ppm","Belize",3,"0.467 ± 0.234",50.185,"2018—2021","0.331—0.738"
"124","Passeriformes","Oxyruncidae (Sharpbill, Royal Flycatcher, and Allies)","Tail_Hg_ppm","Peru",3,"0.467 ± 0.234",50.185,"2018—2021","0.331—0.738"
"125","Passeriformes","Parulidae (New World Warblers)","Blood_Hg_ppm","Belize",294,"0.18 ± 0.329",183.097,"2007—2023","0.001—3.195"
"126","Passeriformes","Parulidae (New World Warblers)","Blood_Hg_ppm","Colombia",294,"0.18 ± 0.329",183.097,"2007—2023","0.001—3.195"
"127","Passeriformes","Parulidae (New World Warblers)","Blood_Hg_ppm","Costa Rica",294,"0.18 ± 0.329",183.097,"2007—2023","0.001—3.195"
"128","Passeriformes","Parulidae (New World Warblers)","Blood_Hg_ppm","Dominican Republic",294,"0.18 ± 0.329",183.097,"2007—2023","0.001—3.195"
"129","Passeriformes","Parulidae (New World Warblers)","Blood_Hg_ppm","Mexico",294,"0.18 ± 0.329",183.097,"2007—2023","0.001—3.195"
"130","Passeriformes","Parulidae (New World Warblers)","Blood_Hg_ppm","Nicaragua",294,"0.18 ± 0.329",183.097,"2007—2023","0.001—3.195"
"131","Passeriformes","Parulidae (New World Warblers)","Tail_Hg_ppm","Costa Rica",5,"0.49 ± 0.276",56.256,"2010","0.177—0.811"
"132","Passeriformes","Parulidae (New World Warblers)","Tail_Hg_ppm","Nicaragua",5,"0.49 ± 0.276",56.256,"2010","0.177—0.811"
"133","Passeriformes","Passerellidae (New World Sparrows)","Blood_Hg_ppm","Belize",18,"0.034 ± 0.033",96.037,"2008—2021","0.001—0.119"
"134","Passeriformes","Passerellidae (New World Sparrows)","Body_Hg_ppm","Belize",20,"1.609 ± 4.129",256.698,"2018—2021","0.154—19.02"
"135","Passeriformes","Passerellidae (New World Sparrows)","Body_Hg_ppm","Peru",20,"1.609 ± 4.129",256.698,"2018—2021","0.154—19.02"
"136","Passeriformes","Passerellidae (New World Sparrows)","Tail_Hg_ppm","Belize",36,"0.448 ± 0.411",91.534,"2010—2021","0.047—1.773"
"137","Passeriformes","Passerellidae (New World Sparrows)","Tail_Hg_ppm","Costa Rica",36,"0.448 ± 0.411",91.534,"2010—2021","0.047—1.773"
"138","Passeriformes","Passerellidae (New World Sparrows)","Tail_Hg_ppm","Nicaragua",36,"0.448 ± 0.411",91.534,"2010—2021","0.047—1.773"
"139","Passeriformes","Passerellidae (New World Sparrows)","Tail_Hg_ppm","Peru",36,"0.448 ± 0.411",91.534,"2010—2021","0.047—1.773"
"140","Passeriformes","Phaenicophilidae (Hispaniolan Tanagers)","Blood_Hg_ppm","Dominican Republic",4,"0.011 ± 0.006",58.916,"2017","0.004—0.019"
"141","Passeriformes","Pipridae (Manakins)","Blood_Hg_ppm","Belize",39,"0.008 ± 0.013",166.741,"2007—2021","0.001—0.08"
"142","Passeriformes","Pipridae (Manakins)","Body_Hg_ppm","Belize",85,"0.471 ± 0.345",73.283,"2019—2021","0.013—1.24"
"143","Passeriformes","Pipridae (Manakins)","Body_Hg_ppm","Peru",85,"0.471 ± 0.345",73.283,"2019—2021","0.013—1.24"
"144","Passeriformes","Pipridae (Manakins)","Tail_Hg_ppm","Belize",82,"0.373 ± 0.383",102.722,"2007—2021","0.008—2.755"
"145","Passeriformes","Pipridae (Manakins)","Tail_Hg_ppm","Costa Rica",82,"0.373 ± 0.383",102.722,"2007—2021","0.008—2.755"
"146","Passeriformes","Pipridae (Manakins)","Tail_Hg_ppm","Nicaragua",82,"0.373 ± 0.383",102.722,"2007—2021","0.008—2.755"
"147","Passeriformes","Pipridae (Manakins)","Tail_Hg_ppm","Peru",82,"0.373 ± 0.383",102.722,"2007—2021","0.008—2.755"
"148","Passeriformes","Polioptilidae (Gnatcatchers)","Blood_Hg_ppm","Belize",4,"0.062 ± 0.054",88.095,"2007—2021","0.016—0.141"
"149","Passeriformes","Polioptilidae (Gnatcatchers)","Body_Hg_ppm","Belize",1,"0.427",NA,"2021","NA"
"150","Passeriformes","Polioptilidae (Gnatcatchers)","Tail_Hg_ppm","Belize",2,"0.485 ± 0.384",79.348,"2007—2021","0.213—0.756"
"151","Passeriformes","Spindalidae (Spindalises)","Blood_Hg_ppm","Puerto Rico",2,"0.001 ± 0",0,"2010","0.001—0.001"
"152","Passeriformes","Spindalidae (Spindalises)","Tail_Hg_ppm","Puerto Rico",2,"0.034 ± 0.004",10.554,"2010","0.031—0.036"
"153","Passeriformes","Thamnophilidae (Typical Antbirds)","Blood_Hg_ppm","Belize",18,"0.124 ± 0.214",172.365,"2007—2023","0.001—0.791"
"154","Passeriformes","Thamnophilidae (Typical Antbirds)","Blood_Hg_ppm","Colombia",18,"0.124 ± 0.214",172.365,"2007—2023","0.001—0.791"
"155","Passeriformes","Thamnophilidae (Typical Antbirds)","Blood_Hg_ppm","Costa Rica",18,"0.124 ± 0.214",172.365,"2007—2023","0.001—0.791"
"156","Passeriformes","Thamnophilidae (Typical Antbirds)","Body_Hg_ppm","Belize",61,"3.17 ± 3.563",112.391,"2018—2023","0.127—17.802"
"157","Passeriformes","Thamnophilidae (Typical Antbirds)","Body_Hg_ppm","Colombia",61,"3.17 ± 3.563",112.391,"2018—2023","0.127—17.802"
"158","Passeriformes","Thamnophilidae (Typical Antbirds)","Body_Hg_ppm","Peru",61,"3.17 ± 3.563",112.391,"2018—2023","0.127—17.802"
"159","Passeriformes","Thamnophilidae (Typical Antbirds)","Tail_Hg_ppm","Belize",75,"2.346 ± 2.067",88.093,"2007—2021","0.001—8.606"
"160","Passeriformes","Thamnophilidae (Typical Antbirds)","Tail_Hg_ppm","Costa Rica",75,"2.346 ± 2.067",88.093,"2007—2021","0.001—8.606"
"161","Passeriformes","Thamnophilidae (Typical Antbirds)","Tail_Hg_ppm","Nicaragua",75,"2.346 ± 2.067",88.093,"2007—2021","0.001—8.606"
"162","Passeriformes","Thamnophilidae (Typical Antbirds)","Tail_Hg_ppm","Peru",75,"2.346 ± 2.067",88.093,"2007—2021","0.001—8.606"
"163","Passeriformes","Thraupidae (Tanagers and Allies)","Blood_Hg_ppm","Belize",86,"0.067 ± 0.11",164.263,"2007—2023","0.001—0.509"
"164","Passeriformes","Thraupidae (Tanagers and Allies)","Blood_Hg_ppm","Colombia",86,"0.067 ± 0.11",164.263,"2007—2023","0.001—0.509"
"165","Passeriformes","Thraupidae (Tanagers and Allies)","Blood_Hg_ppm","Costa Rica",86,"0.067 ± 0.11",164.263,"2007—2023","0.001—0.509"
"166","Passeriformes","Thraupidae (Tanagers and Allies)","Blood_Hg_ppm","Dominican Republic",86,"0.067 ± 0.11",164.263,"2007—2023","0.001—0.509"
"167","Passeriformes","Thraupidae (Tanagers and Allies)","Blood_Hg_ppm","Nicaragua",86,"0.067 ± 0.11",164.263,"2007—2023","0.001—0.509"
"168","Passeriformes","Thraupidae (Tanagers and Allies)","Blood_Hg_ppm","Puerto Rico",86,"0.067 ± 0.11",164.263,"2007—2023","0.001—0.509"
"169","Passeriformes","Thraupidae (Tanagers and Allies)","Body_Hg_ppm","Belize",61,"1.074 ± 0.998",92.985,"2019—2023","0.001—4.659"
"170","Passeriformes","Thraupidae (Tanagers and Allies)","Body_Hg_ppm","Colombia",61,"1.074 ± 0.998",92.985,"2019—2023","0.001—4.659"
"171","Passeriformes","Thraupidae (Tanagers and Allies)","Body_Hg_ppm","Peru",61,"1.074 ± 0.998",92.985,"2019—2023","0.001—4.659"
"172","Passeriformes","Thraupidae (Tanagers and Allies)","Tail_Hg_ppm","Belize",93,"0.385 ± 0.694",180.32,"2007—2021","0.001—3.349"
"173","Passeriformes","Thraupidae (Tanagers and Allies)","Tail_Hg_ppm","Costa Rica",93,"0.385 ± 0.694",180.32,"2007—2021","0.001—3.349"
"174","Passeriformes","Thraupidae (Tanagers and Allies)","Tail_Hg_ppm","Nicaragua",93,"0.385 ± 0.694",180.32,"2007—2021","0.001—3.349"
"175","Passeriformes","Thraupidae (Tanagers and Allies)","Tail_Hg_ppm","Peru",93,"0.385 ± 0.694",180.32,"2007—2021","0.001—3.349"
"176","Passeriformes","Thraupidae (Tanagers and Allies)","Tail_Hg_ppm","Puerto Rico",93,"0.385 ± 0.694",180.32,"2007—2021","0.001—3.349"
"177","Passeriformes","Tityridae (Tityras and Allies)","Blood_Hg_ppm","Belize",4,"0.014 ± 0.024",170.193,"2007—2021","0.001—0.05"
"178","Passeriformes","Tityridae (Tityras and Allies)","Body_Hg_ppm","Belize",5,"0.496 ± 0.747",150.466,"2019—2021","0.014—1.791"
"179","Passeriformes","Tityridae (Tityras and Allies)","Body_Hg_ppm","Peru",5,"0.496 ± 0.747",150.466,"2019—2021","0.014—1.791"
"180","Passeriformes","Tityridae (Tityras and Allies)","Tail_Hg_ppm","Belize",4,"0.085 ± 0.092",108.084,"2007—2021","0.014—0.221"
"181","Passeriformes","Tityridae (Tityras and Allies)","Tail_Hg_ppm","Peru",4,"0.085 ± 0.092",108.084,"2007—2021","0.014—0.221"
"182","Passeriformes","Troglodytidae (Wrens)","Blood_Hg_ppm","Belize",43,"0.119 ± 0.149",125.271,"2007—2023","0.001—0.909"
"183","Passeriformes","Troglodytidae (Wrens)","Blood_Hg_ppm","Colombia",43,"0.119 ± 0.149",125.271,"2007—2023","0.001—0.909"
"184","Passeriformes","Troglodytidae (Wrens)","Blood_Hg_ppm","Costa Rica",43,"0.119 ± 0.149",125.271,"2007—2023","0.001—0.909"
"185","Passeriformes","Troglodytidae (Wrens)","Blood_Hg_ppm","Nicaragua",43,"0.119 ± 0.149",125.271,"2007—2023","0.001—0.909"
"186","Passeriformes","Troglodytidae (Wrens)","Body_Hg_ppm","Belize",25,"2.096 ± 2.701",128.879,"2019—2023","0.208—12.841"
"187","Passeriformes","Troglodytidae (Wrens)","Body_Hg_ppm","Colombia",25,"2.096 ± 2.701",128.879,"2019—2023","0.208—12.841"
"188","Passeriformes","Troglodytidae (Wrens)","Body_Hg_ppm","Peru",25,"2.096 ± 2.701",128.879,"2019—2023","0.208—12.841"
"189","Passeriformes","Troglodytidae (Wrens)","Tail_Hg_ppm","Belize",39,"1.33 ± 1.169",87.938,"2007—2021","0.023—4.632"
"190","Passeriformes","Troglodytidae (Wrens)","Tail_Hg_ppm","Costa Rica",39,"1.33 ± 1.169",87.938,"2007—2021","0.023—4.632"
"191","Passeriformes","Troglodytidae (Wrens)","Tail_Hg_ppm","Nicaragua",39,"1.33 ± 1.169",87.938,"2007—2021","0.023—4.632"
"192","Passeriformes","Troglodytidae (Wrens)","Tail_Hg_ppm","Panama",39,"1.33 ± 1.169",87.938,"2007—2021","0.023—4.632"
"193","Passeriformes","Troglodytidae (Wrens)","Tail_Hg_ppm","Peru",39,"1.33 ± 1.169",87.938,"2007—2021","0.023—4.632"
"194","Passeriformes","Turdidae (Thrushes and Allies)","Blood_Hg_ppm","Belize",34,"0.025 ± 0.03",118.004,"2007—2023","0.001—0.117"
"195","Passeriformes","Turdidae (Thrushes and Allies)","Blood_Hg_ppm","Colombia",34,"0.025 ± 0.03",118.004,"2007—2023","0.001—0.117"
"196","Passeriformes","Turdidae (Thrushes and Allies)","Blood_Hg_ppm","Costa Rica",34,"0.025 ± 0.03",118.004,"2007—2023","0.001—0.117"
"197","Passeriformes","Turdidae (Thrushes and Allies)","Blood_Hg_ppm","Dominican Republic",34,"0.025 ± 0.03",118.004,"2007—2023","0.001—0.117"
"198","Passeriformes","Turdidae (Thrushes and Allies)","Blood_Hg_ppm","Nicaragua",34,"0.025 ± 0.03",118.004,"2007—2023","0.001—0.117"
"199","Passeriformes","Turdidae (Thrushes and Allies)","Blood_Hg_ppm","Puerto Rico",34,"0.025 ± 0.03",118.004,"2007—2023","0.001—0.117"
"200","Passeriformes","Turdidae (Thrushes and Allies)","Body_Hg_ppm","Belize",20,"0.744 ± 0.675",90.691,"2019—2023","0.092—2.881"
"201","Passeriformes","Turdidae (Thrushes and Allies)","Body_Hg_ppm","Colombia",20,"0.744 ± 0.675",90.691,"2019—2023","0.092—2.881"
"202","Passeriformes","Turdidae (Thrushes and Allies)","Body_Hg_ppm","Peru",20,"0.744 ± 0.675",90.691,"2019—2023","0.092—2.881"
"203","Passeriformes","Turdidae (Thrushes and Allies)","Tail_Hg_ppm","Belize",44,"0.444 ± 0.441",99.227,"2010—2021","0.026—1.703"
"204","Passeriformes","Turdidae (Thrushes and Allies)","Tail_Hg_ppm","Costa Rica",44,"0.444 ± 0.441",99.227,"2010—2021","0.026—1.703"
"205","Passeriformes","Turdidae (Thrushes and Allies)","Tail_Hg_ppm","Nicaragua",44,"0.444 ± 0.441",99.227,"2010—2021","0.026—1.703"
"206","Passeriformes","Turdidae (Thrushes and Allies)","Tail_Hg_ppm","Peru",44,"0.444 ± 0.441",99.227,"2010—2021","0.026—1.703"
"207","Passeriformes","Turdidae (Thrushes and Allies)","Tail_Hg_ppm","Puerto Rico",44,"0.444 ± 0.441",99.227,"2010—2021","0.026—1.703"
"208","Passeriformes","Tyrannidae (Tyrant Flycatchers)","Blood_Hg_ppm","Belize",106,"0.084 ± 0.142",169.506,"2007—2023","0.001—0.978"
"209","Passeriformes","Tyrannidae (Tyrant Flycatchers)","Blood_Hg_ppm","Colombia",106,"0.084 ± 0.142",169.506,"2007—2023","0.001—0.978"
"210","Passeriformes","Tyrannidae (Tyrant Flycatchers)","Blood_Hg_ppm","Costa Rica",106,"0.084 ± 0.142",169.506,"2007—2023","0.001—0.978"
"211","Passeriformes","Tyrannidae (Tyrant Flycatchers)","Blood_Hg_ppm","Dominican Republic",106,"0.084 ± 0.142",169.506,"2007—2023","0.001—0.978"
"212","Passeriformes","Tyrannidae (Tyrant Flycatchers)","Blood_Hg_ppm","Mexico",106,"0.084 ± 0.142",169.506,"2007—2023","0.001—0.978"
"213","Passeriformes","Tyrannidae (Tyrant Flycatchers)","Blood_Hg_ppm","Nicaragua",106,"0.084 ± 0.142",169.506,"2007—2023","0.001—0.978"
"214","Passeriformes","Tyrannidae (Tyrant Flycatchers)","Body_Hg_ppm","Belize",45,"1.746 ± 2.401",137.486,"2019—2023","0.038—13.94"
"215","Passeriformes","Tyrannidae (Tyrant Flycatchers)","Body_Hg_ppm","Colombia",45,"1.746 ± 2.401",137.486,"2019—2023","0.038—13.94"
"216","Passeriformes","Tyrannidae (Tyrant Flycatchers)","Body_Hg_ppm","Peru",45,"1.746 ± 2.401",137.486,"2019—2023","0.038—13.94"
"217","Passeriformes","Tyrannidae (Tyrant Flycatchers)","Tail_Hg_ppm","Belize",71,"0.894 ± 0.961",107.508,"2007—2021","0.001—5.165"
"218","Passeriformes","Tyrannidae (Tyrant Flycatchers)","Tail_Hg_ppm","Costa Rica",71,"0.894 ± 0.961",107.508,"2007—2021","0.001—5.165"
"219","Passeriformes","Tyrannidae (Tyrant Flycatchers)","Tail_Hg_ppm","Mexico",71,"0.894 ± 0.961",107.508,"2007—2021","0.001—5.165"
"220","Passeriformes","Tyrannidae (Tyrant Flycatchers)","Tail_Hg_ppm","Nicaragua",71,"0.894 ± 0.961",107.508,"2007—2021","0.001—5.165"
"221","Passeriformes","Tyrannidae (Tyrant Flycatchers)","Tail_Hg_ppm","Panama",71,"0.894 ± 0.961",107.508,"2007—2021","0.001—5.165"
"222","Passeriformes","Tyrannidae (Tyrant Flycatchers)","Tail_Hg_ppm","Peru",71,"0.894 ± 0.961",107.508,"2007—2021","0.001—5.165"
"223","Passeriformes","Vireonidae (Vireos, Shrike-Babblers, and Erpornis)","Blood_Hg_ppm","Belize",31,"0.062 ± 0.08",130.16,"2007—2021","0.005—0.315"
"224","Passeriformes","Vireonidae (Vireos, Shrike-Babblers, and Erpornis)","Blood_Hg_ppm","Dominican Republic",31,"0.062 ± 0.08",130.16,"2007—2021","0.005—0.315"
"225","Passeriformes","Vireonidae (Vireos, Shrike-Babblers, and Erpornis)","Blood_Hg_ppm","Puerto Rico",31,"0.062 ± 0.08",130.16,"2007—2021","0.005—0.315"
"226","Passeriformes","Vireonidae (Vireos, Shrike-Babblers, and Erpornis)","Body_Hg_ppm","Belize",3,"1.033 ± 0.603",58.367,"2021","0.627—1.726"
"227","Passeriformes","Vireonidae (Vireos, Shrike-Babblers, and Erpornis)","Tail_Hg_ppm","Belize",9,"0.93 ± 0.502",53.922,"2007—2021","0.228—1.937"
"228","Passeriformes","Vireonidae (Vireos, Shrike-Babblers, and Erpornis)","Tail_Hg_ppm","Costa Rica",9,"0.93 ± 0.502",53.922,"2007—2021","0.228—1.937"
"229","Pelecaniformes","Ardeidae (Herons, Egrets, and Bitterns)","Blood_Hg_ppm","Dominican Republic",6,"0.151 ± 0.088",57.943,"2017","0.053—0.281"
"230","Pelecaniformes","Ardeidae (Herons, Egrets, and Bitterns)","Tail_Hg_ppm","Nicaragua",1,"0.447",NA,"2014","NA"
"231","Piciformes","Capitonidae (New World Barbets)","Body_Hg_ppm","Peru",1,"0.808",NA,"2019","NA"
"232","Piciformes","Picidae (Woodpeckers)","Blood_Hg_ppm","Belize",9,"0.027 ± 0.058",213.598,"2013—2023","0.001—0.179"
"233","Piciformes","Picidae (Woodpeckers)","Blood_Hg_ppm","Colombia",9,"0.027 ± 0.058",213.598,"2013—2023","0.001—0.179"
"234","Piciformes","Picidae (Woodpeckers)","Blood_Hg_ppm","Dominican Republic",9,"0.027 ± 0.058",213.598,"2013—2023","0.001—0.179"
"235","Piciformes","Picidae (Woodpeckers)","Blood_Hg_ppm","Mexico",9,"0.027 ± 0.058",213.598,"2013—2023","0.001—0.179"
"236","Piciformes","Picidae (Woodpeckers)","Blood_Hg_ppm","Nicaragua",9,"0.027 ± 0.058",213.598,"2013—2023","0.001—0.179"
"237","Piciformes","Picidae (Woodpeckers)","Body_Hg_ppm","Belize",13,"1.161 ± 2.701",232.699,"2019—2023","0.008—9.721"
"238","Piciformes","Picidae (Woodpeckers)","Body_Hg_ppm","Colombia",13,"1.161 ± 2.701",232.699,"2019—2023","0.008—9.721"
"239","Piciformes","Picidae (Woodpeckers)","Body_Hg_ppm","Peru",13,"1.161 ± 2.701",232.699,"2019—2023","0.008—9.721"
"240","Piciformes","Picidae (Woodpeckers)","Tail_Hg_ppm","Belize",5,"0.094 ± 0.067",72.041,"2010—2021","0.033—0.205"
"241","Piciformes","Picidae (Woodpeckers)","Tail_Hg_ppm","Costa Rica",5,"0.094 ± 0.067",72.041,"2010—2021","0.033—0.205"
"242","Piciformes","Picidae (Woodpeckers)","Tail_Hg_ppm","Nicaragua",5,"0.094 ± 0.067",72.041,"2010—2021","0.033—0.205"
"243","Piciformes","Picidae (Woodpeckers)","Tail_Hg_ppm","Peru",5,"0.094 ± 0.067",72.041,"2010—2021","0.033—0.205"
"244","Piciformes","Ramphastidae (Toucans)","Body_Hg_ppm","Peru",10,"0.203 ± 0.085",42.052,"2019","0.069—0.315"
"245","Psittaciformes","Psittacidae (New World and African Parrots)","Blood_Hg_ppm","Dominican Republic",1,"0.001",NA,"2017","NA"
"246","Strigiformes","Strigidae (Owls)","Body_Hg_ppm","Peru",5,"0.833 ± 1.055",126.656,"2011—2019","0.092—2.695"
"247","Suliformes","Sulidae (Boobies and Gannets)","Blood_Hg_ppm","Mexico",1,"0.162",NA,"2013","NA"
"248","Suliformes","Sulidae (Boobies and Gannets)","Tail_Hg_ppm","Mexico",2,"2.011 ± 1.426",70.886,"2013","1.003—3.019"
"249","Tinamiformes","Tinamidae (Tinamous)","Body_Hg_ppm","Peru",1,"0.048",NA,"2019","NA"
"250","Trogoniformes","Trogonidae (Trogons)","Body_Hg_ppm","Peru",1,"0.48",NA,"2019","NA"
"251",NA,NA,"Body_Hg_ppm","Peru",1,"0.237",NA,"2018","NA"
"252",NA,NA,"Tail_Hg_ppm","Peru",3,"1.09 ± 0.812",74.486,"2018","0.243—1.862"
